{
  "accuracy": 1.0,
  "total_claims": 25,
  "correct": 25,
  "metrics": {
    "per_class": {
      "APPROVE": {
        "precision": 0.875,
        "recall": 1.0,
        "f1": 0.9333333333333333,
        "tp": 7,
        "fp": 1,
        "fn": 0
      },
      "DENY": {
        "precision": 0.8666666666666667,
        "recall": 1.0,
        "f1": 0.9285714285714286,
        "tp": 13,
        "fp": 2,
        "fn": 0
      },
      "UNCERTAIN": {
        "precision": 1.0,
        "recall": 0.4,
        "f1": 0.5714285714285715,
        "tp": 2,
        "fp": 0,
        "fn": 3
      }
    },
    "confusion_matrix": {
      